ANZSCO_Code,Occupation_Title,Skill_Level,Major_Group,Minor_Group,Unit_Group,Assessing_Authority,MLTSSL,CSOL,STSOL,ROL,Visa_189_Eligible,Visa_190_Eligible,Visa_491_Eligible,Visa_186_Eligible,Visa_482_Eligible,Visa_494_Eligible,State_Override_Required,Notes
121111,Aquaculture Farmer,,,,1211,VETASSESS,FALSE,FALSE,FALSE,TRUE,,,,,,,,
121211,Cotton Grower,,,,1212,VETASSESS,FALSE,FALSE,FALSE,TRUE,,,,,,,,
121212,Flower Grower,,,,1212,VETASSESS,FALSE,FALSE,TRUE,FALSE,,,,,,,,
121213,Fruit Or Nut Grower,,,,1212,VETASSESS,FALSE,FALSE,FALSE,TRUE,,,,,,,,
121214,"grain, oilseed or pasture grower (Aus)/field crop grower (NZ)",,,,1212,,FALSE,FALSE,FALSE,TRUE,,,,,,,,
121215,Grape Grower,,,,1212,VETASSESS,FALSE,FALSE,TRUE,FALSE,,,,,,,,
121216,Mixed Crop Farmer,,,,1212,VETASSESS,FALSE,FALSE,FALSE,TRUE,,,,,,,,
121217,Sugar Cane Grower,,,,1212,VETASSESS,FALSE,FALSE,FALSE,TRUE,,,,,,,,
121221,vegetable grower (Aus)/market gardener (NZ),,,,1212,,FALSE,FALSE,TRUE,FALSE,,,,,,,,
121299,Crop Farmers (nec),,,,1212,VETASSESS,FALSE,FALSE,FALSE,TRUE,,,,,,,,
121311,Apiarist,,,,1213,VETASSESS,FALSE,FALSE,TRUE,FALSE,,,,,,,,
121312,Beef Cattle Farmer,,,,1213,VETASSESS,FALSE,FALSE,FALSE,TRUE,,,,,,,,
121313,Dairy Cattle Farmer,,,,1213,VETASSESS,FALSE,FALSE,FALSE,TRUE,,,,,,,,
121314,Deer Farmer,,,,1213,VETASSESS,FALSE,FALSE,FALSE,TRUE,,,,,,,,
121315,Goat Farmer,,,,1213,VETASSESS,FALSE,FALSE,FALSE,TRUE,,,,,,,,
121316,Horse Breeder,,,,1213,VETASSESS,FALSE,FALSE,FALSE,TRUE,,,,,,,,
121317,Mixed Livestock Farmer,,,,1213,VETASSESS,FALSE,FALSE,FALSE,TRUE,,,,,,,,
121318,Pig Farmer,,,,1213,VETASSESS,FALSE,FALSE,FALSE,TRUE,,,,,,,,
121321,Poultry Farmer,,,,1213,VETASSESS,FALSE,FALSE,TRUE,FALSE,,,,,,,,
121322,Sheep Farmer,,,,1213,VETASSESS,FALSE,FALSE,FALSE,TRUE,,,,,,,,
121399,Livestock Farmers (nec),,,,1213,VETASSESS,FALSE,FALSE,FALSE,TRUE,,,,,,,,
121411,Mixed Crop And Livestock Farmer,,,,1214,VETASSESS,FALSE,FALSE,FALSE,TRUE,,,,,,,,
131112,Sales And Marketing Manager,,,,1311,IML,FALSE,FALSE,TRUE,FALSE,,,,,,,,
131113,Advertising Manager,,,,1311,IML,FALSE,TRUE,TRUE,FALSE,,,,,,,,
131114,Public Relations Manager,,,,1311,IML,FALSE,FALSE,FALSE,TRUE,,,,,,,,
132111,Corporate Services Manager,,,,1321,VETASSESS,FALSE,FALSE,TRUE,FALSE,,,,,,,,
132211,Finance Manager,,,,1322,CPAA; IPA; CAANZ,FALSE,TRUE,TRUE,FALSE,,,,,,,,
132311,Human Resource Manager,,,,1323,IML,FALSE,TRUE,TRUE,FALSE,,,,,,,,
132411,Policy and Planning Manager,,,,1324,VETASSESS,FALSE,TRUE,FALSE,TRUE,,,,,,,,
132511,Research and Development Manager,,,,1325,VETASSESS,FALSE,TRUE,TRUE,FALSE,,,,,,,,
133111,Construction Project Manager,,,,1331,VETASSESS,TRUE,TRUE,FALSE,FALSE,,,,,,,,
133112,Project Builder,,,,1331,VETASSESS,FALSE,TRUE,FALSE,TRUE,,,,,,,,
133211,Engineering Manager,,,,1332,Engineers Australia; IML,TRUE,TRUE,FALSE,FALSE,,,,,,,,
133411,Manufacturer,,,,1334,VETASSESS,FALSE,FALSE,TRUE,FALSE,,,,,,,,
133511,Production Manager (Forestry),,,,1335,VETASSESS,FALSE,TRUE,TRUE,FALSE,,,,,,,,
133512,Production Manager (Manufacturing),,,,1335,VETASSESS,FALSE,TRUE,TRUE,FALSE,,,,,,,,
133513,Production Manager (Mining),,,,1335,VETASSESS,FALSE,FALSE,TRUE,FALSE,,,,,,,,
133611,Supply And Distribution Manager,,,,1336,IML; VETASSESS,FALSE,FALSE,TRUE,FALSE,,,,,,,,
133612,Procurement Manager,,,,1336,IML,FALSE,TRUE,FALSE,TRUE,,,,,,,,
134111,Child Care Centre Manager,,,,1341,ACECQA,TRUE,FALSE,FALSE,FALSE,,,,,,,,
134211,Medical Administrator,,,,1342,VETASSESS,FALSE,FALSE,FALSE,TRUE,,,,,,,,
134212,Nursing Clinical Director,,,,1342,ANMAC,TRUE,TRUE,FALSE,FALSE,,,,,,,,
134213,Primary Health Organisation Manager,,,,1342,VETASSESS,TRUE,FALSE,FALSE,FALSE,,,,,,,,
134214,Welfare Centre Manager,,,,1342,ACWA,TRUE,FALSE,FALSE,FALSE,,,,,,,,
134299,Health And Welfare Services Managers (nec),,,,1342,,FALSE,FALSE,TRUE,FALSE,,,,,,,,
134311,School Principal,,,,1343,VETASSESS,FALSE,TRUE,TRUE,FALSE,,,,,,,,
134411,Faculty Head,,,,1344,,FALSE,TRUE,FALSE,FALSE,,,,,,,,
134412,Regional Education Manager,,,,1344,VETASSESS,FALSE,FALSE,FALSE,TRUE,,,,,,,,
134499,Education Managers nec,,,,1344,VETASSESS,FALSE,TRUE,TRUE,FALSE,,,,,,,,
135111,Chief Information Officer,,,,1351,,FALSE,TRUE,FALSE,FALSE,,,,,,,,
135112,ICT Project Manager,,,,1351,ACS,FALSE,TRUE,TRUE,FALSE,,,,,,,,
135199,ICT Managers nec,,,,1351,ACS,FALSE,TRUE,TRUE,FALSE,,,,,,,,
139911,Arts Administrator or Manager,,,,1399,VETASSESS,TRUE,TRUE,FALSE,FALSE,,,,,,,,
139912,Environmental Manager,,,,1399,VETASSESS,TRUE,TRUE,FALSE,FALSE,,,,,,,,
139913,Laboratory Manager,,,,1399,VETASSESS,FALSE,TRUE,TRUE,FALSE,,,,,,,,
139914,Quality Assurance Manager,,,,1399,VETASSESS,FALSE,FALSE,TRUE,FALSE,,,,,,,,
139915,Sports Administrator,,,,1399,VETASSESS,FALSE,FALSE,FALSE,TRUE,,,,,,,,
139916,Quality Assurance Manager,,,,1399,,FALSE,TRUE,FALSE,FALSE,,,,,,,,
139917,Regulatory Affairs Manager,,,,1399,,FALSE,TRUE,FALSE,FALSE,,,,,,,,
141111,Cafe Or Restaurant Manager,,,,1411,VETASSESS,FALSE,FALSE,TRUE,FALSE,,,,,,,,
141211,Caravan Park And Camping Ground Manager,,,,1412,,FALSE,FALSE,FALSE,TRUE,,,,,,,,
141311,Hotel Or Motel Manager,,,,1413,VETASSESS,FALSE,FALSE,TRUE,FALSE,,,,,,,,
141411,Licensed Club Manager,,,,1414,,FALSE,TRUE,FALSE,FALSE,,,,,,,,
141999,Accommodation And Hospitality Managers (nec),,,,1419,,FALSE,FALSE,TRUE,FALSE,,,,,,,,
142111,Retail Manager (General),,,,1421,,FALSE,TRUE,FALSE,FALSE,,,,,,,,
142115,Post Office Manager,,,,1421,VETASSESS,FALSE,FALSE,FALSE,TRUE,,,,,,,,
142116,Travel Agency Manager,,,,1421,,FALSE,TRUE,FALSE,FALSE,,,,,,,,
149111,Amusement Centre Manager,,,,1491,VETASSESS,FALSE,FALSE,FALSE,TRUE,,,,,,,,
149112,Fitness Centre Manager,,,,1491,VETASSESS,FALSE,FALSE,FALSE,TRUE,,,,,,,,
149113,Sports Centre Manager,,,,1491,VETASSESS,FALSE,FALSE,FALSE,TRUE,,,,,,,,
149212,Customer Service Manager,,,,1492,VETASSESS,FALSE,FALSE,TRUE,FALSE,,,,,,,,
149311,Conference And Event Organiser,,,,1493,VETASSESS,FALSE,FALSE,TRUE,FALSE,,,,,,,,
149411,Fleet Manager,,,,1494,,FALSE,TRUE,FALSE,FALSE,,,,,,,,
149413,Transport Company Manager,,,,1494,VETASSESS,FALSE,FALSE,TRUE,FALSE,,,,,,,,
149911,Boarding Kennel or Cattery Operator,,,,1499,,FALSE,TRUE,FALSE,FALSE,,,,,,,,
149912,Cinema or Theatre Manager,,,,1499,VETASSESS,FALSE,TRUE,FALSE,TRUE,,,,,,,,
149913,Facilities Manager,,,,1499,VETASSESS,FALSE,FALSE,TRUE,FALSE,,,,,,,,
149914,Financial Institution Branch Manager,,,,1499,VETASSESS,FALSE,FALSE,FALSE,TRUE,,,,,,,,
149915,Equipment Hire Manager,,,,1499,,FALSE,TRUE,FALSE,FALSE,,,,,,,,
211112,Dancer Or Choreographer,,,,2111,VETASSESS,TRUE,FALSE,FALSE,FALSE,,,,,,,,
211212,Music Director,,,,2112,VETASSESS,TRUE,TRUE,FALSE,FALSE,,,,,,,,
211213,Musician (Instrumental),,,,2112,VETASSESS,TRUE,FALSE,FALSE,FALSE,,,,,,,,
211299,Music Professionals (nec),,,,2112,VETASSESS,FALSE,FALSE,TRUE,FALSE,,,,,,,,
211311,Photographer,,,,2113,VETASSESS,FALSE,FALSE,TRUE,FALSE,,,,,,,,
212111,Artistic Director,,,,2121,VETASSESS,TRUE,TRUE,FALSE,FALSE,,,,,,,,
212212,Book Or Script Editor,,,,2122,VETASSESS,FALSE,FALSE,TRUE,FALSE,,,,,,,,
212312,"Director (Film, Television, Radio Or Stage)",,,,2123,,FALSE,FALSE,TRUE,FALSE,,,,,,,,
212314,Film And Video Editor,,,,2123,VETASSESS,FALSE,FALSE,TRUE,FALSE,,,,,,,,
212315,Program Director (Television Or Radio),,,,2123,VETASSESS,FALSE,FALSE,TRUE,FALSE,,,,,,,,
212316,Stage Manager,,,,2123,VETASSESS,FALSE,TRUE,TRUE,FALSE,,,,,,,,
212317,Technical Director,,,,2123,VETASSESS,FALSE,TRUE,TRUE,FALSE,,,,,,,,
212318,Video Producer,,,,2123,VETASSESS,FALSE,TRUE,TRUE,FALSE,,,,,,,,
212411,Copywriter,,,,2124,VETASSESS,FALSE,FALSE,TRUE,FALSE,,,,,,,,
212412,Newspaper Or Periodical Editor,,,,2124,VETASSESS,FALSE,FALSE,TRUE,FALSE,,,,,,,,
212413,Print Journalist,,,,2124,VETASSESS,FALSE,TRUE,TRUE,FALSE,,,,,,,,
212414,Radio Journalist,,,,2124,,FALSE,TRUE,FALSE,FALSE,,,,,,,,
212415,Technical Writer,,,,2124,VETASSESS,FALSE,TRUE,TRUE,FALSE,,,,,,,,
212416,Television Journalist,,,,2124,VETASSESS,FALSE,TRUE,TRUE,FALSE,,,,,,,,
212499,Journalists and Other Writers nec,,,,2124,VETASSESS,FALSE,TRUE,TRUE,FALSE,,,,,,,,
221111,Accountant (General),,,,2211,CPAA; CAANZ; IPA,TRUE,FALSE,FALSE,FALSE,,,,,,,,
221112,Management Accountant,,,,2211,CPAA; IPA; CAANZ,TRUE,FALSE,FALSE,FALSE,,,,,,,,
221113,Taxation Accountant,,,,2211,CPAA; IPA; CAANZ,TRUE,FALSE,FALSE,FALSE,,,,,,,,
221211,Company Secretary,,,,2212,VETASSESS,FALSE,TRUE,TRUE,FALSE,,,,,,,,
221213,External Auditor,,,,2212,CPAA; IPA; CAANZ,TRUE,TRUE,FALSE,FALSE,,,,,,,,
221214,Internal Auditor,,,,2212,VETASSESS,TRUE,TRUE,FALSE,FALSE,,,,,,,,
222111,Commodities Trader,,,,2221,VETASSESS,FALSE,FALSE,TRUE,FALSE,,,,,,,,
222112,Finance Broker,,,,2221,VETASSESS,FALSE,TRUE,TRUE,FALSE,,,,,,,,
222113,Insurance Broker,,,,2221,VETASSESS,FALSE,TRUE,TRUE,FALSE,,,,,,,,
222199,Financial Brokers (nec),,,,2221,VETASSESS,FALSE,FALSE,TRUE,FALSE,,,,,,,,
222211,Financial Market Dealer,,,,2222,VETASSESS,FALSE,FALSE,TRUE,FALSE,,,,,,,,
222213,Stockbroking Dealer,,,,2222,VETASSESS,FALSE,FALSE,TRUE,FALSE,,,,,,,,
222299,Financial Dealers (nec),,,,2222,VETASSESS,FALSE,FALSE,TRUE,FALSE,,,,,,,,
222311,Financial Investment Adviser,,,,2223,VETASSESS,FALSE,TRUE,TRUE,FALSE,,,,,,,,
222312,Financial Investment Manager,,,,2223,VETASSESS,FALSE,FALSE,TRUE,FALSE,,,,,,,,
223111,Human Resource Adviser,,,,2231,VETASSESS,FALSE,FALSE,FALSE,TRUE,,,,,,,,
223112,Recruitment Consultant,,,,2231,VETASSESS,FALSE,FALSE,TRUE,FALSE,,,,,,,,
223113,Workplace Relations Adviser,,,,2231,VETASSESS,FALSE,FALSE,FALSE,TRUE,,,,,,,,
223211,ICT trainer,,,,2232,ACS,FALSE,FALSE,TRUE,FALSE,,,,,,,,
224111,Actuary,,,,2241,VETASSESS,TRUE,TRUE,FALSE,FALSE,,,,,,,,
224112,Mathematician,,,,2241,VETASSESS,FALSE,TRUE,TRUE,FALSE,,,,,,,,
224113,Statistician,,,,2241,VETASSESS,TRUE,FALSE,FALSE,FALSE,,,,,,,,
224114,Data Analyst,,,,2241,,FALSE,TRUE,FALSE,FALSE,,,,,,,,
224115,Data Scientist,,,,2241,,FALSE,TRUE,FALSE,FALSE,,,,,,,,
224116,Statistician,,,,2241,,FALSE,TRUE,FALSE,FALSE,,,,,,,,
224212,Gallery Or Museum Curator,,,,2242,VETASSESS,FALSE,FALSE,TRUE,FALSE,,,,,,,,
224213,Health Information Manager,,,,2242,VETASSESS,FALSE,FALSE,TRUE,FALSE,,,,,,,,
224214,Records Manager,,,,2242,VETASSESS,FALSE,FALSE,TRUE,FALSE,,,,,,,,
224311,Economist,,,,2243,VETASSESS,TRUE,FALSE,FALSE,FALSE,,,,,,,,
224412,Policy Analyst,,,,2244,VETASSESS,FALSE,FALSE,FALSE,TRUE,,,,,,,,
224511,Land Economist,,,,2245,VETASSESS,TRUE,TRUE,FALSE,FALSE,,,,,,,,
224512,Valuer,,,,2245,VETASSESS,TRUE,TRUE,FALSE,FALSE,,,,,,,,
224611,Librarian,,,,2246,VETASSESS,FALSE,FALSE,TRUE,FALSE,,,,,,,,
224711,Management Consultant,,,,2247,VETASSESS,TRUE,FALSE,FALSE,FALSE,,,,,,,,
224712,Organisation and Methods Analyst,,,,2247,VETASSESS,FALSE,TRUE,TRUE,FALSE,,,,,,,,
224714,Supply Chain Analyst,,,,2247,,FALSE,TRUE,FALSE,FALSE,,,,,,,,
224912,Liaison Officer,,,,2249,VETASSESS,FALSE,FALSE,FALSE,TRUE,,,,,,,,
224914,Patents Examiner,,,,2249,VETASSESS,FALSE,TRUE,TRUE,FALSE,,,,,,,,
224999,Information And Organisation Professionals (nec),,,,2249,,FALSE,FALSE,TRUE,FALSE,,,,,,,,
225111,Advertising Specialist,,,,2251,VETASSESS,FALSE,TRUE,TRUE,FALSE,,,,,,,,
225112,Market Research Analyst,,,,2251,VETASSESS,FALSE,FALSE,FALSE,TRUE,,,,,,,,
225113,Marketing Specialist,,,,2251,VETASSESS,FALSE,FALSE,TRUE,FALSE,,,,,,,,
225114,Content Creator (Marketing),,,,2251,,FALSE,TRUE,FALSE,FALSE,,,,,,,,
225211,ICT Account Manager,,,,2252,VETASSESS,FALSE,TRUE,TRUE,FALSE,,,,,,,,
225212,ICT Business Development Manager,,,,2252,VETASSESS,FALSE,TRUE,TRUE,FALSE,,,,,,,,
225213,ICT Sales Representative,,,,2252,VETASSESS,FALSE,TRUE,TRUE,FALSE,,,,,,,,
225311,Public Relations Professional,,,,2253,VETASSESS,FALSE,TRUE,TRUE,FALSE,,,,,,,,
231111,Aeroplane Pilot,,,,2311,CASA,FALSE,TRUE,FALSE,TRUE,,,,,,,,
231113,Flying Instructor,,,,2311,VETASSESS,FALSE,TRUE,FALSE,TRUE,,,,,,,,
231114,Helicopter Pilot,,,,2311,CASA,FALSE,TRUE,FALSE,TRUE,,,,,,,,
231199,Air Transport Professionals nec,,,,2311,,FALSE,TRUE,FALSE,FALSE,,,,,,,,
231212,Ship's Engineer,,,,2312,,FALSE,TRUE,FALSE,FALSE,,,,,,,,
231213,Ship’S Master,,,,2312,AMSA,FALSE,FALSE,FALSE,TRUE,,,,,,,,
232111,Architect,,,,2321,AACA,TRUE,TRUE,FALSE,FALSE,,,,,,,,
232112,Landscape Architect,,,,2321,VETASSESS,TRUE,TRUE,FALSE,FALSE,,,,,,,,
232212,Surveyor,,,,2322,GCA,TRUE,TRUE,FALSE,FALSE,,,,,,,,
232213,Cartographer,,,,2322,VETASSESS,TRUE,TRUE,FALSE,FALSE,,,,,,,,
232214,Other Spatial Scientist,,,,2322,VETASSESS,TRUE,TRUE,FALSE,FALSE,,,,,,,,
232311,Fashion Designer,,,,2323,VETASSESS,FALSE,FALSE,TRUE,FALSE,,,,,,,,
232312,Industrial Designer,,,,2323,VETASSESS,FALSE,FALSE,TRUE,FALSE,,,,,,,,
232313,Jewellery Designer,,,,2323,VETASSESS,FALSE,TRUE,TRUE,FALSE,,,,,,,,
232411,Graphic Designer,,,,2324,VETASSESS,FALSE,FALSE,TRUE,FALSE,,,,,,,,
232412,Illustrator,,,,2324,VETASSESS,FALSE,TRUE,TRUE,FALSE,,,,,,,,
232413,Multimedia Designer,,,,2324,VETASSESS,FALSE,TRUE,FALSE,TRUE,,,,,,,,
232414,Web Designer,,,,2324,VETASSESS,FALSE,TRUE,TRUE,FALSE,,,,,,,,
232511,Interior Designer,,,,2325,VETASSESS,FALSE,TRUE,TRUE,FALSE,,,,,,,,
232611,Urban and Regional Planner,,,,2326,VETASSESS,FALSE,TRUE,TRUE,FALSE,,,,,,,,
233111,Chemical Engineer,,,,2331,Engineers Australia,TRUE,TRUE,FALSE,FALSE,,,,,,,,
233112,Materials Engineer,,,,2331,Engineers Australia,TRUE,TRUE,FALSE,FALSE,,,,,,,,
233211,Civil Engineer,,,,2332,Engineers Australia,TRUE,TRUE,FALSE,FALSE,,,,,,,,
233212,Geotechnical Engineer,,,,2332,Engineers Australia,TRUE,TRUE,FALSE,FALSE,,,,,,,,
233213,Quantity Surveyor,,,,2332,AIQS,TRUE,TRUE,FALSE,FALSE,,,,,,,,
233214,Structural Engineer,,,,2332,Engineers Australia,TRUE,TRUE,FALSE,FALSE,,,,,,,,
233215,Transport Engineer,,,,2332,Engineers Australia,TRUE,TRUE,FALSE,FALSE,,,,,,,,
233311,Electrical Engineer,,,,2333,Engineers Australia,TRUE,TRUE,FALSE,FALSE,,,,,,,,
233411,Electronics Engineer,,,,2334,Engineers Australia,TRUE,TRUE,FALSE,FALSE,,,,,,,,
233511,Industrial Engineer,,,,2335,Engineers Australia,TRUE,TRUE,FALSE,FALSE,,,,,,,,
233512,Mechanical Engineer,,,,2335,Engineers Australia,TRUE,TRUE,FALSE,FALSE,,,,,,,,
233513,Production or Plant Engineer,,,,2335,Engineers Australia,TRUE,TRUE,FALSE,FALSE,,,,,,,,
233611,Mining Engineer (Excluding Petroleum),,,,2336,Engineers Australia,TRUE,FALSE,FALSE,FALSE,,,,,,,,
233612,Petroleum Engineer,,,,2336,Engineers Australia,TRUE,TRUE,FALSE,FALSE,,,,,,,,
233911,Aeronautical Engineer,,,,2339,Engineers Australia,TRUE,TRUE,FALSE,FALSE,,,,,,,,
233912,Agricultural Engineer,,,,2339,Engineers Australia,TRUE,TRUE,FALSE,FALSE,,,,,,,,
233913,Biomedical Engineer,,,,2339,Engineers Australia,TRUE,TRUE,FALSE,FALSE,,,,,,,,
233914,Engineering Technologist,,,,2339,Engineers Australia,TRUE,TRUE,FALSE,FALSE,,,,,,,,
233915,Environmental Engineer,,,,2339,Engineers Australia,TRUE,TRUE,FALSE,FALSE,,,,,,,,
233916,Naval Architect \ Marine Designer,,,,2339,Engineers Australia,TRUE,TRUE,FALSE,FALSE,,,,,,,,
233999,Engineering Professionals nec,,,,2339,Engineers Australia,TRUE,TRUE,FALSE,FALSE,,,,,,,,
234111,Agricultural Consultant,,,,2341,VETASSESS,TRUE,TRUE,FALSE,FALSE,,,,,,,,
234112,Agricultural Scientist,,,,2341,VETASSESS,TRUE,FALSE,FALSE,FALSE,,,,,,,,
234113,Forester / Forest Scientist,,,,2341,VETASSESS,TRUE,FALSE,FALSE,FALSE,,,,,,,,
234114,Agricultural Research Scientist,,,,2341,,FALSE,TRUE,FALSE,FALSE,,,,,,,,
234115,Agronomist,,,,2341,,FALSE,TRUE,FALSE,FALSE,,,,,,,,
234116,Aquaculture or Fisheries Scientist,,,,2341,,FALSE,TRUE,FALSE,FALSE,,,,,,,,
234211,Chemist,,,,2342,VETASSESS,TRUE,TRUE,FALSE,FALSE,,,,,,,,
234212,Food Technologist,,,,2342,VETASSESS,TRUE,TRUE,FALSE,FALSE,,,,,,,,
234213,Wine Maker,,,,2342,VETASSESS,FALSE,TRUE,FALSE,TRUE,,,,,,,,
234311,Conservation Officer,,,,2343,VETASSESS,FALSE,FALSE,FALSE,TRUE,,,,,,,,
234312,Environmental Consultant,,,,2343,VETASSESS,TRUE,TRUE,FALSE,FALSE,,,,,,,,
234313,Environmental Research Scientist,,,,2343,VETASSESS,TRUE,FALSE,FALSE,FALSE,,,,,,,,
234399,Environmental Scientists nec,,,,2343,VETASSESS,TRUE,TRUE,FALSE,FALSE,,,,,,,,
234411,Geologist,,,,2344,VETASSESS,FALSE,TRUE,TRUE,FALSE,,,,,,,,
234412,Geophysicist,,,,2344,VETASSESS,TRUE,TRUE,FALSE,FALSE,,,,,,,,
234413,Hydrogeologist,,,,2344,VETASSESS,TRUE,TRUE,FALSE,FALSE,,,,,,,,
234511,Life Scientist (General),,,,2345,VETASSESS,TRUE,TRUE,FALSE,FALSE,,,,,,,,
234513,Biochemist,,,,2345,VETASSESS,TRUE,TRUE,FALSE,FALSE,,,,,,,,
234514,Biotechnologist,,,,2345,VETASSESS,TRUE,FALSE,FALSE,FALSE,,,,,,,,
234515,Botanist,,,,2345,VETASSESS,TRUE,TRUE,FALSE,FALSE,,,,,,,,
234516,Marine Biologist,,,,2345,VETASSESS,TRUE,TRUE,FALSE,FALSE,,,,,,,,
234517,Microbiologist,,,,2345,VETASSESS,TRUE,FALSE,FALSE,FALSE,,,,,,,,
234518,Zoologist,,,,2345,VETASSESS,TRUE,FALSE,FALSE,FALSE,,,,,,,,
234521,Entomologist,,,,2345,,FALSE,TRUE,FALSE,FALSE,,,,,,,,
234522,Zoologist,,,,2345,,FALSE,TRUE,FALSE,FALSE,,,,,,,,
234599,Life Scientists nec,,,,2345,VETASSESS,TRUE,TRUE,FALSE,FALSE,,,,,,,,
234611,Medical Laboratory Scientist,,,,2346,AIMS,TRUE,FALSE,FALSE,FALSE,,,,,,,,
234612,Respiratory Scientist,,,,2346,,FALSE,TRUE,FALSE,FALSE,,,,,,,,
234711,Veterinarian,,,,2347,AVBC,TRUE,TRUE,FALSE,FALSE,,,,,,,,
234911,Conservator,,,,2349,VETASSESS,TRUE,TRUE,FALSE,FALSE,,,,,,,,
234912,Metallurgist,,,,2349,VETASSESS,TRUE,TRUE,FALSE,FALSE,,,,,,,,
234913,Meteorologist,,,,2349,VETASSESS,TRUE,TRUE,FALSE,FALSE,,,,,,,,
234914,Physicist,,,,2349,the occupation under subsection,TRUE,TRUE,FALSE,FALSE,,,,,,,,
234915,Exercise Physiologist,,,,2349,VETASSESS,FALSE,FALSE,FALSE,TRUE,,,,,,,,
234999,Natural And Physical Science Professionals (nec),,,,2349,,TRUE,FALSE,FALSE,FALSE,,,,,,,,
241111,Early Childhood (Pre Primary School) Teacher,,,,2411,,TRUE,FALSE,FALSE,FALSE,,,,,,,,
241213,Primary School Teacher,,,,2412,AITSL,FALSE,TRUE,TRUE,FALSE,,,,,,,,
241311,Middle School Teacher / Intermediate School Teacher,,,,2413,AITSL,FALSE,FALSE,TRUE,FALSE,,,,,,,,
241411,Secondary School Teacher,,,,2414,AITSL,TRUE,TRUE,FALSE,FALSE,,,,,,,,
241511,Special Needs Teacher,,,,2415,AITSL,TRUE,TRUE,FALSE,FALSE,,,,,,,,
241512,Teacher of the Hearing Impaired,,,,2415,AITSL,TRUE,TRUE,FALSE,FALSE,,,,,,,,
241513,Teacher of the Sight Impaired,,,,2415,AITSL,TRUE,TRUE,FALSE,FALSE,,,,,,,,
241599,Special Education Teachers nec,,,,2415,AITSL,TRUE,TRUE,FALSE,FALSE,,,,,,,,
242111,University Lecturer,,,,2421,VETASSESS,TRUE,TRUE,FALSE,FALSE,,,,,,,,
242211,Vocational Education Teacher / Polytechnic Teacher,,,,2422,See subsection,FALSE,FALSE,FALSE,TRUE,,,,,,,,
249111,Education Adviser,,,,2491,VETASSESS,FALSE,FALSE,TRUE,FALSE,,,,,,,,
249112,Education Reviewer,,,,2491,,FALSE,TRUE,FALSE,FALSE,,,,,,,,
249211,Art Teacher (Private Tuition),,,,2492,VETASSESS,FALSE,FALSE,TRUE,FALSE,,,,,,,,
249212,Dance Teacher (Private Tuition),,,,2492,VETASSESS,FALSE,FALSE,TRUE,FALSE,,,,,,,,
249214,Music Teacher (Private Tuition),,,,2492,VETASSESS,FALSE,TRUE,TRUE,FALSE,,,,,,,,
249299,Private Tutors And Teachers (nec),,,,2492,VETASSESS,FALSE,FALSE,TRUE,FALSE,,,,,,,,
249311,teacher of English to speakers of other languages,,,,2493,,FALSE,FALSE,TRUE,FALSE,,,,,,,,
251111,Dietitian,,,,2511,DAA,FALSE,TRUE,TRUE,FALSE,,,,,,,,
251112,Nutritionist,,,,2511,VETASSESS,FALSE,FALSE,TRUE,FALSE,,,,,,,,
251211,Medical Diagnostic Radiographer,,,,2512,ASMIRT,TRUE,TRUE,FALSE,FALSE,,,,,,,,
251212,Medical Radiation Therapist,,,,2512,ASMIRT,TRUE,TRUE,FALSE,FALSE,,,,,,,,
251213,Nuclear Medicine Technologist,,,,2512,ANZSNM,TRUE,TRUE,FALSE,FALSE,,,,,,,,
251214,Sonographer,,,,2512,ASMIRT,TRUE,TRUE,FALSE,FALSE,,,,,,,,
251311,Environmental Health Officer,,,,2513,VETASSESS,FALSE,FALSE,FALSE,TRUE,,,,,,,,
251312,Occupational Health And Safety Adviser,,,,2513,VETASSESS,FALSE,FALSE,TRUE,FALSE,,,,,,,,
251411,Optometrist,,,,2514,OCANZ,TRUE,TRUE,FALSE,FALSE,,,,,,,,
251412,Orthoptist,,,,2514,VETASSESS,FALSE,TRUE,TRUE,FALSE,,,,,,,,
251511,Hospital Pharmacist,,,,2515,APharmC,FALSE,TRUE,TRUE,FALSE,,,,,,,,
251512,Industrial Pharmacist,,,,2515,VETASSESS,FALSE,TRUE,TRUE,FALSE,,,,,,,,
251513,Retail Pharmacist,,,,2515,APharmC,FALSE,TRUE,TRUE,FALSE,,,,,,,,
251911,Health Promotion Officer,,,,2519,VETASSESS,FALSE,FALSE,TRUE,FALSE,,,,,,,,
251912,Orthotist or Prosthetist,,,,2519,AOPA,TRUE,TRUE,FALSE,FALSE,,,,,,,,
251999,Health Diagnostic And Promotion Professionals (nec),,,,2519,,FALSE,FALSE,TRUE,FALSE,,,,,,,,
252111,Chiropractor,,,,2521,CCEA,TRUE,FALSE,FALSE,FALSE,,,,,,,,
252112,Osteopath,,,,2521,AOAC,TRUE,FALSE,FALSE,FALSE,,,,,,,,
252211,Acupuncturist,,,,2522,TRA,FALSE,FALSE,TRUE,FALSE,,,,,,,,
252213,Naturopath,,,,2522,VETASSESS; TRA,FALSE,FALSE,TRUE,FALSE,,,,,,,,
252214,traditional Chinese medicine practitioner,,,,2522,,FALSE,FALSE,TRUE,FALSE,,,,,,,,
252299,Complementary Health Therapists (nec),,,,2522,VETASSESS,FALSE,FALSE,TRUE,FALSE,,,,,,,,
252311,Dental Specialist,,,,2523,ADC,FALSE,TRUE,TRUE,FALSE,,,,,,,,
252312,Dentist,,,,2523,ADC,FALSE,TRUE,FALSE,TRUE,,,,,,,,
252411,Occupational Therapist,,,,2524,OTC,TRUE,TRUE,FALSE,FALSE,,,,,,,,
252511,Physiotherapist,,,,2525,APC,TRUE,TRUE,FALSE,FALSE,,,,,,,,
252611,Podiatrist,,,,2526,PodBA,TRUE,TRUE,FALSE,FALSE,,,,,,,,
252711,Audiologist,,,,2527,VETASSESS,TRUE,TRUE,FALSE,FALSE,,,,,,,,
252712,Speech Pathologist / Speech Language Therapist,,,,2527,SPA,TRUE,FALSE,FALSE,FALSE,,,,,,,,
253111,General Practitioner,,,,2531,MedBA,TRUE,TRUE,FALSE,FALSE,,,,,,,,
253112,Resident Medical Officer,,,,2531,MedBA,FALSE,TRUE,TRUE,FALSE,,,,,,,,
253211,Anaesthetist,,,,2532,MedBA,FALSE,TRUE,FALSE,TRUE,,,,,,,,
253311,Specialist Physician (General Medicine),,,,2533,MedBA,TRUE,FALSE,FALSE,FALSE,,,,,,,,
253312,Cardiologist,,,,2533,MedBA,TRUE,TRUE,FALSE,FALSE,,,,,,,,
253313,Clinical Haematologist,,,,2533,MedBA,TRUE,TRUE,FALSE,FALSE,,,,,,,,
253314,Medical Oncologist,,,,2533,MedBA,TRUE,TRUE,FALSE,FALSE,,,,,,,,
253315,Endocrinologist,,,,2533,MedBA,TRUE,TRUE,FALSE,FALSE,,,,,,,,
253316,Gastroenterologist,,,,2533,MedBA,TRUE,TRUE,FALSE,FALSE,,,,,,,,
253317,Intensive Care Specialist,,,,2533,MedBA,TRUE,TRUE,FALSE,FALSE,,,,,,,,
253318,Neurologist,,,,2533,MedBA,TRUE,TRUE,FALSE,FALSE,,,,,,,,
253321,Paediatrician,,,,2533,MedBA,TRUE,TRUE,FALSE,FALSE,,,,,,,,
253322,Renal Medicine Specialist,,,,2533,MedBA,TRUE,TRUE,FALSE,FALSE,,,,,,,,
253323,Rheumatologist,,,,2533,MedBA,TRUE,TRUE,FALSE,FALSE,,,,,,,,
253324,Thoracic Medicine Specialist,,,,2533,MedBA,TRUE,TRUE,FALSE,FALSE,,,,,,,,
253399,Specialist Physicians nec,,,,2533,MedBA,TRUE,TRUE,FALSE,FALSE,,,,,,,,
253411,Psychiatrist,,,,2534,MedBA,TRUE,TRUE,FALSE,FALSE,,,,,,,,
253511,Surgeon (General),,,,2535,MedBA,TRUE,TRUE,FALSE,FALSE,,,,,,,,
253512,Cardiothoracic Surgeon,,,,2535,MedBA,TRUE,TRUE,FALSE,FALSE,,,,,,,,
253513,Neurosurgeon,,,,2535,MedBA,TRUE,TRUE,FALSE,FALSE,,,,,,,,
253514,Orthopaedic Surgeon,,,,2535,MedBA,TRUE,TRUE,FALSE,FALSE,,,,,,,,
253515,Otorhinolaryngologist,,,,2535,MedBA,TRUE,TRUE,FALSE,FALSE,,,,,,,,
253516,Paediatric Surgeon,,,,2535,MedBA,TRUE,TRUE,FALSE,FALSE,,,,,,,,
253517,Plastic and Reconstructive Surgeon,,,,2535,MedBA,TRUE,TRUE,FALSE,FALSE,,,,,,,,
253518,Urologist,,,,2535,MedBA,TRUE,TRUE,FALSE,FALSE,,,,,,,,
253521,Vascular Surgeon,,,,2535,MedBA,TRUE,TRUE,FALSE,FALSE,,,,,,,,
253911,Dermatologist,,,,2539,MedBA,TRUE,TRUE,FALSE,FALSE,,,,,,,,
253912,Emergency Medicine Specialist,,,,2539,MedBA,TRUE,TRUE,FALSE,FALSE,,,,,,,,
253913,Obstetrician and Gynaecologist,,,,2539,MedBA,TRUE,TRUE,FALSE,FALSE,,,,,,,,
253914,Ophthalmologist,,,,2539,MedBA,TRUE,TRUE,FALSE,FALSE,,,,,,,,
253915,Pathologist,,,,2539,MedBA diagnostic and interventional,TRUE,TRUE,FALSE,FALSE,,,,,,,,
253917,Diagnostic And Interventional Radiologist,,,,2539,,TRUE,FALSE,FALSE,FALSE,,,,,,,,
253918,Radiation Oncologist,,,,2539,MedBA,TRUE,TRUE,FALSE,FALSE,,,,,,,,
253999,Medical Practitioners nec,,,,2539,MedBA,TRUE,TRUE,FALSE,FALSE,,,,,,,,
254111,Midwife,,,,2541,ANMAC,TRUE,TRUE,FALSE,FALSE,,,,,,,,
254211,Nurse Educator,,,,2542,ANMAC,FALSE,TRUE,TRUE,FALSE,,,,,,,,
254212,Nurse Researcher,,,,2542,ANMAC,FALSE,TRUE,TRUE,FALSE,,,,,,,,
254311,Nurse Manager,,,,2543,ANMAC,FALSE,FALSE,TRUE,FALSE,,,,,,,,
254411,Nurse Practitioner,,,,2544,ANMAC,TRUE,TRUE,FALSE,FALSE,,,,,,,,
254412,Registered Nurse (Aged Care),,,,2544,ANMAC,TRUE,TRUE,FALSE,FALSE,,,,,,,,
254413,Registered Nurse (Child And Family Health),,,,2544,,TRUE,FALSE,FALSE,FALSE,,,,,,,,
254414,Registered Nurse (Community Health),,,,2544,ANMAC,TRUE,FALSE,FALSE,FALSE,,,,,,,,
254415,Registered Nurse (Critical Care And Emergency),,,,2544,,TRUE,FALSE,FALSE,FALSE,,,,,,,,
254416,Registered Nurse (Developmental Disability),,,,2544,,TRUE,FALSE,FALSE,FALSE,,,,,,,,
254417,Registered Nurse (Disability And Rehabilitation),,,,2544,,TRUE,FALSE,FALSE,FALSE,,,,,,,,
254418,Registered Nurse (Medical),,,,2544,ANMAC,TRUE,TRUE,FALSE,FALSE,,,,,,,,
254421,Registered Nurse (Medical Practice),,,,2544,ANMAC,TRUE,TRUE,FALSE,FALSE,,,,,,,,
254422,Registered Nurse (Mental Health),,,,2544,ANMAC,TRUE,TRUE,FALSE,FALSE,,,,,,,,
254423,Registered Nurse (Perioperative),,,,2544,ANMAC,TRUE,TRUE,FALSE,FALSE,,,,,,,,
254424,Registered Nurse (Surgical),,,,2544,ANMAC,TRUE,TRUE,FALSE,FALSE,,,,,,,,
254425,Registered Nurse (Paediatrics),,,,2544,ANMAC,TRUE,TRUE,FALSE,FALSE,,,,,,,,
254499,Registered Nurses nec,,,,2544,ANMAC,TRUE,TRUE,FALSE,FALSE,,,,,,,,
261111,ICT Business Analyst,,,,2611,ACS,TRUE,TRUE,FALSE,FALSE,,,,,,,,
261112,Systems Analyst,,,,2611,ACS,TRUE,TRUE,FALSE,FALSE,,,,,,,,
261211,Multimedia Specialist,,,,2612,ACS,TRUE,TRUE,FALSE,FALSE,,,,,,,,
261212,Web Developer,,,,2612,ACS,FALSE,TRUE,TRUE,FALSE,,,,,,,,
261311,Analyst Programmer,,,,2613,ACS,TRUE,TRUE,FALSE,FALSE,,,,,,,,
261312,Developer Programmer,,,,2613,ACS,TRUE,TRUE,FALSE,FALSE,,,,,,,,
261313,Software Engineer,,,,2613,ACS,TRUE,TRUE,FALSE,FALSE,,,,,,,,
261314,Software Tester,,,,2613,ACS,FALSE,TRUE,TRUE,FALSE,,,,,,,,
261315,Cyber Security Engineer,,,,2613,,FALSE,TRUE,FALSE,FALSE,,,,,,,,
261316,Devops Engineer,,,,2613,,FALSE,TRUE,FALSE,FALSE,,,,,,,,
261317,Penetration Tester,,,,2613,,FALSE,TRUE,FALSE,FALSE,,,,,,,,
261399,Software And Applications Programmers (nec),,,,2613,,TRUE,FALSE,FALSE,FALSE,,,,,,,,
262111,Database Administrator,,,,2621,ACS,FALSE,TRUE,TRUE,FALSE,,,,,,,,
262112,ICT security specialist,,,,2621,ACS,TRUE,FALSE,FALSE,FALSE,,,,,,,,
262113,Systems Administrator,,,,2621,ACS,FALSE,TRUE,TRUE,FALSE,,,,,,,,
262116,Cyber Security Analyst,,,,2621,,FALSE,TRUE,FALSE,FALSE,,,,,,,,
262117,Cyber Security Architect,,,,2621,,FALSE,TRUE,FALSE,FALSE,,,,,,,,
263111,Computer Network And Systems Engineer,,,,2631,,TRUE,FALSE,FALSE,FALSE,,,,,,,,
263112,Network Administrator,,,,2631,ACS,FALSE,TRUE,TRUE,FALSE,,,,,,,,
263113,Network Analyst,,,,2631,ACS,FALSE,TRUE,TRUE,FALSE,,,,,,,,
263211,ICT Quality Assurance Engineer,,,,2632,ACS,FALSE,TRUE,TRUE,FALSE,,,,,,,,
263212,ICT support engineer,,,,2632,ACS,FALSE,FALSE,TRUE,FALSE,,,,,,,,
263213,ICT Systems Test Engineer,,,,2632,ACS,FALSE,TRUE,TRUE,FALSE,,,,,,,,
263299,ICT Support and Test Engineers nec,,,,2632,ACS; VETASSESS,FALSE,TRUE,TRUE,FALSE,,,,,,,,
263311,Telecommunications Engineer,,,,2633,Engineers Australia,TRUE,FALSE,FALSE,FALSE,,,,,,,,
263312,Telecommunications Network Engineer,,,,2633,Engineers Australia,TRUE,FALSE,FALSE,FALSE,,,,,,,,
271111,Barrister,,,,2711,of a State or Territory a legal admissions authority,TRUE,TRUE,FALSE,FALSE,,,,,,,,
271214,Intellectual Property Lawyer,,,,2712,VETASSESS,FALSE,TRUE,FALSE,TRUE,,,,,,,,
271299,Judicial And Other Legal Professionals (nec),,,,2712,,FALSE,FALSE,TRUE,FALSE,,,,,,,,
271311,Solicitor,,,,2713,of a State or Territory,TRUE,TRUE,FALSE,FALSE,,,,,,,,
272111,Careers Counsellor,,,,2721,VETASSESS,FALSE,FALSE,TRUE,FALSE,,,,,,,,
272112,Drug and Alcohol Counsellor,,,,2721,VETASSESS,FALSE,TRUE,TRUE,FALSE,,,,,,,,
272113,Family And Marriage Counsellor,,,,2721,VETASSESS,FALSE,FALSE,TRUE,FALSE,,,,,,,,
272114,Rehabilitation Counsellor,,,,2721,VETASSESS,FALSE,TRUE,TRUE,FALSE,,,,,,,,
272115,Student Counsellor,,,,2721,VETASSESS,FALSE,TRUE,TRUE,FALSE,,,,,,,,
272199,Counsellors (nec),,,,2721,VETASSESS,FALSE,FALSE,TRUE,FALSE,,,,,,,,
272311,Clinical Psychologist,,,,2723,APS,TRUE,TRUE,FALSE,FALSE,,,,,,,,
272312,Educational Psychologist,,,,2723,APS,TRUE,TRUE,FALSE,FALSE,,,,,,,,
272313,Organisational Psychologist,,,,2723,APS,TRUE,TRUE,FALSE,FALSE,,,,,,,,
272314,Psychotherapist,,,,2723,VETASSESS,FALSE,TRUE,TRUE,FALSE,,,,,,,,
272399,Psychologists nec,,,,2723,APS,TRUE,TRUE,FALSE,FALSE,,,,,,,,
272412,Interpreter,,,,2724,NAATI,FALSE,FALSE,TRUE,FALSE,,,,,,,,
272413,Translator,,,,2724,NAATI,FALSE,TRUE,FALSE,TRUE,,,,,,,,
272499,Social Professionals (nec),,,,2724,VETASSESS,FALSE,FALSE,TRUE,FALSE,,,,,,,,
272511,Social Worker,,,,2725,AASW,TRUE,TRUE,FALSE,FALSE,,,,,,,,
272611,Community Arts Worker,,,,2726,VETASSESS,FALSE,FALSE,FALSE,TRUE,,,,,,,,
272612,Recreation Officer / Recreation Coordinator,,,,2726,VETASSESS,FALSE,FALSE,TRUE,FALSE,,,,,,,,
272613,Welfare Worker,,,,2726,ACWA,FALSE,FALSE,TRUE,FALSE,,,,,,,,
311111,Agricultural Technician,,,,3111,VETASSESS,FALSE,FALSE,FALSE,TRUE,,,,,,,,
311112,Agricultural and Agritech Technician,,,,3111,,FALSE,TRUE,FALSE,FALSE,,,,,,,,
311113,Animal Husbandry Technician,,,,3111,,FALSE,TRUE,FALSE,FALSE,,,,,,,,
311114,Aquaculture or Fisheries Technician,,,,3111,,FALSE,TRUE,FALSE,FALSE,,,,,,,,
311115,Irrigation Designer,,,,3111,,FALSE,TRUE,FALSE,FALSE,,,,,,,,
311211,Anaesthetic Technician,,,,3112,VETASSESS,FALSE,TRUE,TRUE,FALSE,,,,,,,,
311212,Cardiac Technician,,,,3112,VETASSESS,FALSE,TRUE,TRUE,FALSE,,,,,,,,
311213,Medical Laboratory Technician,,,,3112,AIMS,FALSE,FALSE,TRUE,FALSE,,,,,,,,
311214,Operating Theatre Technician,,,,3112,VETASSESS,FALSE,FALSE,FALSE,TRUE,,,,,,,,
311215,Pharmacy Technician,,,,3112,VETASSESS,FALSE,TRUE,TRUE,FALSE,,,,,,,,
311216,Pathology Collector / Phlebotomist,,,,3112,AIMS,FALSE,FALSE,FALSE,TRUE,,,,,,,,
311217,Respiratory Technician,,,,3112,,FALSE,TRUE,FALSE,FALSE,,,,,,,,
311299,Medical Technicians nec,,,,3112,VETASSESS,FALSE,TRUE,TRUE,FALSE,,,,,,,,
311312,Meat Inspector,,,,3113,VETASSESS,FALSE,TRUE,TRUE,FALSE,,,,,,,,
311399,Primary Products Assurance And Inspection Officers (nec),,,,3113,VETASSESS,FALSE,FALSE,TRUE,FALSE,,,,,,,,
311411,Chemistry Technician,,,,3114,VETASSESS,FALSE,TRUE,TRUE,FALSE,,,,,,,,
311412,Earth Science Technician,,,,3114,VETASSESS,FALSE,TRUE,TRUE,FALSE,,,,,,,,
311413,Life Science Technician,,,,3114,VETASSESS,FALSE,FALSE,TRUE,FALSE,,,,,,,,
311499,Science Technicians nec,,,,3114,VETASSESS,FALSE,TRUE,TRUE,FALSE,,,,,,,,
312111,Architectural Draftsperson,,,,3121,VETASSESS,FALSE,TRUE,TRUE,FALSE,,,,,,,,
312112,Building Associate,,,,3121,,FALSE,TRUE,FALSE,FALSE,,,,,,,,
312113,Building Inspector,,,,3121,VETASSESS,FALSE,TRUE,TRUE,FALSE,,,,,,,,
312114,Construction Estimator,,,,3121,VETASSESS,FALSE,TRUE,FALSE,TRUE,,,,,,,,
312116,Surveying Or Spatial Science Technician,,,,3121,VETASSESS,FALSE,FALSE,FALSE,TRUE,,,,,,,,
312199,"Architectural, Building And Surveying Technicians (nec)",,,,3121,,FALSE,FALSE,TRUE,FALSE,,,,,,,,
312211,Civil Engineering Draftsperson,,,,3122,Engineers Australia; VETASSESS,TRUE,TRUE,FALSE,FALSE,,,,,,,,
312212,Civil Engineering Technician,,,,3122,VETASSESS,TRUE,TRUE,FALSE,FALSE,,,,,,,,
312311,Electrical Engineering Draftsperson,,,,3123,Engineers Australia,TRUE,TRUE,FALSE,FALSE,,,,,,,,
312312,Electrical Engineering Technician,,,,3123,TRA,TRUE,TRUE,FALSE,FALSE,,,,,,,,
312412,Electronic Engineering Technician,,,,3124,,FALSE,TRUE,FALSE,FALSE,,,,,,,,
312511,Mechanical Engineering Draftsperson,,,,3125,Engineers Australia,FALSE,TRUE,FALSE,TRUE,,,,,,,,
312512,Mechanical Engineering Technician,,,,3125,TRA,FALSE,FALSE,TRUE,FALSE,,,,,,,,
312611,Safety Inspector,,,,3126,VETASSESS,FALSE,FALSE,FALSE,TRUE,,,,,,,,
312911,Maintenance Planner,,,,3129,VETASSESS; Engineers Australia,FALSE,TRUE,FALSE,TRUE,,,,,,,,
312912,Metallurgical or Materials Technician,,,,3129,VETASSESS,FALSE,TRUE,TRUE,FALSE,,,,,,,,
312913,Mine Deputy,,,,3129,VETASSESS,FALSE,TRUE,TRUE,FALSE,,,,,,,,
312914,Other Draftsperson,,,,3129,,FALSE,TRUE,FALSE,FALSE,,,,,,,,
312999,Building And Engineering Technicians (nec),,,,3129,,FALSE,FALSE,FALSE,TRUE,,,,,,,,
313111,Hardware Technician,,,,3131,TRA,FALSE,TRUE,TRUE,FALSE,,,,,,,,
313112,ICT Customer Support Officer,,,,3131,TRA,FALSE,TRUE,TRUE,FALSE,,,,,,,,
313113,Web Administrator,,,,3131,ACS,FALSE,TRUE,TRUE,FALSE,,,,,,,,
313199,ICT Support Technicians nec,,,,3131,TRA,FALSE,TRUE,TRUE,FALSE,,,,,,,,
313211,Radio Communications Technician,,,,3132,TRA,TRUE,FALSE,FALSE,FALSE,,,,,,,,
313212,Telecommunications Field Engineer,,,,3132,Engineers Australia,TRUE,TRUE,FALSE,FALSE,,,,,,,,
313213,Telecommunications Network Planner,,,,3132,Engineers Australia,TRUE,FALSE,FALSE,FALSE,,,,,,,,
313214,Telecommunications Technical Officer Or Technologist,,,,3132,,TRUE,FALSE,FALSE,FALSE,,,,,,,,
321111,Automotive Electrician,,,,3211,TRA,TRUE,TRUE,FALSE,FALSE,,,,,,,,
321211,Motor Mechanic (General),,,,3212,TRA,TRUE,TRUE,FALSE,FALSE,,,,,,,,
321212,Diesel Motor Mechanic,,,,3212,TRA,TRUE,TRUE,FALSE,FALSE,,,,,,,,
321213,Motorcycle Mechanic,,,,3212,TRA,TRUE,TRUE,FALSE,FALSE,,,,,,,,
321214,Small Engine Mechanic,,,,3212,TRA,TRUE,TRUE,FALSE,FALSE,,,,,,,,
322112,Electroplater,,,,3221,,FALSE,TRUE,FALSE,FALSE,,,,,,,,
322113,Farrier,,,,3221,TRA,FALSE,TRUE,TRUE,FALSE,,,,,,,,
322114,Metal Casting Trades Worker,,,,3221,,FALSE,TRUE,FALSE,FALSE,,,,,,,,
322211,Sheetmetal Worker,,,,3222,TRA,TRUE,TRUE,FALSE,FALSE,,,,,,,,
322311,Metal Fabricator,,,,3223,TRA,TRUE,TRUE,FALSE,FALSE,,,,,,,,
322312,Pressure Welder,,,,3223,TRA,TRUE,TRUE,FALSE,FALSE,,,,,,,,
322313,Welder (First Class),,,,3223,TRA,TRUE,TRUE,FALSE,FALSE,,,,,,,,
323111,Aircraft Maintenance Engineer (Avionics),,,,3231,,FALSE,FALSE,TRUE,FALSE,,,,,,,,
323112,Aircraft Maintenance Engineer (Mechanical),,,,3231,,FALSE,FALSE,TRUE,FALSE,,,,,,,,
323113,Aircraft Maintenance Engineer (Structures),,,,3231,,FALSE,FALSE,TRUE,FALSE,,,,,,,,
323211,Fitter (General),,,,3232,TRA,TRUE,TRUE,FALSE,FALSE,,,,,,,,
323212,Fitter and Turner,,,,3232,TRA,TRUE,TRUE,FALSE,FALSE,,,,,,,,
323213,Fitter-Welder,,,,3232,TRA,TRUE,TRUE,FALSE,FALSE,,,,,,,,
323214,Metal Machinist (First Class),,,,3232,TRA,TRUE,TRUE,FALSE,FALSE,,,,,,,,
323299,Metal Fitters and Machinists nec,,,,3232,TRA,FALSE,TRUE,TRUE,FALSE,,,,,,,,
323313,Locksmith,,,,3233,TRA,TRUE,TRUE,FALSE,FALSE,,,,,,,,
323314,Precision Instrument Maker And Repairer,,,,3233,,FALSE,FALSE,TRUE,FALSE,,,,,,,,
323411,Engineering Patternmaker,,,,3234,,FALSE,TRUE,FALSE,FALSE,,,,,,,,
323412,Toolmaker,,,,3234,TRA,FALSE,TRUE,TRUE,FALSE,,,,,,,,
324111,Panelbeater,,,,3241,TRA,TRUE,TRUE,FALSE,FALSE,,,,,,,,
324211,Vehicle Body Builder,,,,3242,TRA,FALSE,TRUE,TRUE,FALSE,,,,,,,,
324212,Vehicle Trimmer,,,,3242,TRA,FALSE,TRUE,TRUE,FALSE,,,,,,,,
324311,Vehicle Painter,,,,3243,TRA,FALSE,TRUE,FALSE,TRUE,,,,,,,,
331111,Bricklayer,,,,3311,TRA,TRUE,TRUE,FALSE,FALSE,,,,,,,,
331112,Stonemason,,,,3311,TRA,TRUE,TRUE,FALSE,FALSE,,,,,,,,
331211,Carpenter and Joiner,,,,3312,TRA,TRUE,TRUE,FALSE,FALSE,,,,,,,,
331212,Carpenter,,,,3312,TRA,TRUE,TRUE,FALSE,FALSE,,,,,,,,
331213,Joiner,,,,3312,TRA,TRUE,TRUE,FALSE,FALSE,,,,,,,,
332111,Floor Finisher,,,,3321,TRA,FALSE,TRUE,FALSE,TRUE,,,,,,,,
332211,Painter,,,,3322,TRA,TRUE,TRUE,FALSE,FALSE,,,,,,,,
333111,Glazier,,,,3331,TRA,TRUE,TRUE,FALSE,FALSE,,,,,,,,
333211,Plasterer (Wall and Ceiling),,,,3332,TRA,TRUE,TRUE,FALSE,FALSE,,,,,,,,
333212,Renderer (Solid Plaster),,,,3332,TRA,TRUE,TRUE,FALSE,FALSE,,,,,,,,
333311,Roof Tiler,,,,3333,TRA,FALSE,TRUE,TRUE,FALSE,,,,,,,,
333411,Wall and Floor Tiler,,,,3334,TRA,TRUE,TRUE,FALSE,FALSE,,,,,,,,
334111,Plumber (General),,,,3341,TRA,TRUE,FALSE,FALSE,FALSE,,,,,,,,
334112,Airconditioning And Mechanical Services Plumber,,,,3341,,TRUE,FALSE,FALSE,FALSE,,,,,,,,
334113,Drainer,,,,3341,TRA,TRUE,TRUE,FALSE,FALSE,,,,,,,,
334114,Gasfitter,,,,3341,TRA,TRUE,TRUE,FALSE,FALSE,,,,,,,,
334115,Roof Plumber,,,,3341,TRA,TRUE,TRUE,FALSE,FALSE,,,,,,,,
334116,Plumber (General),,,,3341,,FALSE,TRUE,FALSE,FALSE,,,,,,,,
334117,Fire Protection Plumber,,,,3341,,FALSE,TRUE,FALSE,FALSE,,,,,,,,
341111,Electrician (General),,,,3411,TRA,TRUE,TRUE,FALSE,FALSE,,,,,,,,
341112,Electrician (Special Class),,,,3411,TRA,TRUE,TRUE,FALSE,FALSE,,,,,,,,
341113,Lift Mechanic,,,,3411,TRA,TRUE,FALSE,FALSE,FALSE,,,,,,,,
342111,Airconditioning And Refrigeration Mechanic,,,,3421,,TRUE,FALSE,FALSE,FALSE,,,,,,,,
342211,Electrical Linesworker / Electrical Line Mechanic,,,,3422,TRA,FALSE,FALSE,FALSE,TRUE,,,,,,,,
342212,Technical Cable Jointer,,,,3422,TRA,TRUE,TRUE,FALSE,FALSE,,,,,,,,
342311,Business Machine Mechanic,,,,3423,TRA,FALSE,TRUE,TRUE,FALSE,,,,,,,,
342313,Electronic Equipment Trades Worker,,,,3423,TRA,TRUE,TRUE,FALSE,FALSE,,,,,,,,
342314,Electronic Instrument Trades Worker (General),,,,3423,,TRUE,FALSE,TRUE,FALSE,,,,,,,,
342315,Electronic Instrument Trades Worker (Special Class),,,,3423,,TRUE,FALSE,TRUE,FALSE,,,,,,,,
342411,Cabler (Data And Telecommunications),,,,3424,TRA,FALSE,FALSE,TRUE,FALSE,,,,,,,,
342412,Telecommunications Cable Jointer,,,,3424,,FALSE,TRUE,FALSE,FALSE,,,,,,,,
342413,Telecommunications Linesworker / Telecommunications Line Mechanic,,,,3424,TRA,FALSE,FALSE,TRUE,FALSE,,,,,,,,
342414,Telecommunications Technician,,,,3424,,FALSE,TRUE,FALSE,FALSE,,,,,,,,
351111,Baker,,,,3511,TRA,FALSE,FALSE,TRUE,FALSE,,,,,,,,
351112,Pastrycook,,,,3511,TRA,FALSE,FALSE,TRUE,FALSE,,,,,,,,
351211,Butcher or Smallgoods Maker,,,,3512,TRA,FALSE,TRUE,TRUE,FALSE,,,,,,,,
351311,Chef,,,,3513,TRA,TRUE,FALSE,TRUE,FALSE,,,,,,,,
351411,Cook,,,,3514,TRA,FALSE,FALSE,TRUE,FALSE,,,,,,,,
361111,Dog Handler or Trainer,,,,3611,VETASSESS,FALSE,TRUE,TRUE,FALSE,,,,,,,,
361112,Horse Trainer,,,,3611,TRA,TRUE,TRUE,TRUE,FALSE,,,,,,,,
361114,Zookeeper,,,,3611,VETASSESS,FALSE,FALSE,FALSE,TRUE,,,,,,,,
361199,Animal Attendants And Trainers (nec),,,,3611,VETASSESS,FALSE,FALSE,TRUE,FALSE,,,,,,,,
361311,Veterinary Nurse,,,,3613,VETASSESS,FALSE,TRUE,TRUE,FALSE,,,,,,,,
362111,Florist,,,,3621,TRA,FALSE,FALSE,TRUE,FALSE,,,,,,,,
362211,Gardener (General),,,,3622,TRA,FALSE,FALSE,TRUE,FALSE,,,,,,,,
362212,Arborist,,,,3622,TRA,FALSE,FALSE,TRUE,FALSE,,,,,,,,
362213,Landscape Gardener,,,,3622,TRA,FALSE,FALSE,TRUE,FALSE,,,,,,,,
362311,Greenkeeper,,,,3623,TRA,FALSE,FALSE,TRUE,FALSE,,,,,,,,
362411,Nurseryperson,,,,3624,TRA,FALSE,TRUE,FALSE,TRUE,,,,,,,,
362511,Arborist,,,,3625,,FALSE,TRUE,FALSE,FALSE,,,,,,,,
362512,Tree Worker,,,,3625,,FALSE,TRUE,FALSE,FALSE,,,,,,,,
362711,Landscape Gardener,,,,3627,,FALSE,TRUE,FALSE,FALSE,,,,,,,,
362712,Irrigation Technician,,,,3627,,FALSE,TRUE,FALSE,FALSE,,,,,,,,
391111,Hairdresser,,,,3911,TRA,FALSE,TRUE,TRUE,FALSE,,,,,,,,
392111,Print Finisher,,,,3921,TRA,FALSE,TRUE,TRUE,FALSE,,,,,,,,
392112,Screen Printer,,,,3921,,FALSE,TRUE,FALSE,FALSE,,,,,,,,
392211,Graphic Pre-press Trades Worker,,,,3922,,FALSE,TRUE,FALSE,FALSE,,,,,,,,
392311,Printing Machinist,,,,3923,TRA,FALSE,TRUE,TRUE,FALSE,,,,,,,,
393114,Shoemaker,,,,3931,,FALSE,TRUE,FALSE,FALSE,,,,,,,,
393213,Dressmaker Or Tailor,,,,3932,TRA,FALSE,FALSE,TRUE,FALSE,,,,,,,,
393311,Upholsterer,,,,3933,TRA,FALSE,TRUE,TRUE,FALSE,,,,,,,,
394111,Cabinetmaker,,,,3941,TRA,TRUE,FALSE,TRUE,FALSE,,,,,,,,
394112,Cabinet Maker,,,,3941,,FALSE,TRUE,FALSE,FALSE,,,,,,,,
394113,Furniture Maker,,,,3941,,FALSE,TRUE,FALSE,FALSE,,,,,,,,
394211,Furniture Finisher,,,,3942,TRA,FALSE,TRUE,TRUE,FALSE,,,,,,,,
394212,Picture Framer,,,,3942,,FALSE,TRUE,FALSE,FALSE,,,,,,,,
394213,Wood Machinist,,,,3942,TRA,FALSE,TRUE,TRUE,FALSE,,,,,,,,
394299,Wood Machinists And Other Wood Trades Workers (nec),,,,3942,,FALSE,FALSE,TRUE,FALSE,,,,,,,,
399111,Boat Builder and Repairer,,,,3991,TRA,TRUE,TRUE,TRUE,FALSE,,,,,,,,
399112,Shipwright,,,,3991,TRA,TRUE,TRUE,TRUE,FALSE,,,,,,,,
399211,Chemical Plant Operator,,,,3992,,FALSE,TRUE,FALSE,FALSE,,,,,,,,
399212,Gas Or Petroleum Operator,,,,3992,TRA,FALSE,FALSE,FALSE,TRUE,,,,,,,,
399213,Power Generation Plant Operator,,,,3992,TRA,FALSE,TRUE,TRUE,FALSE,,,,,,,,
399411,Jeweller,,,,3994,TRA,FALSE,FALSE,TRUE,FALSE,,,,,,,,
399512,"Camera Operator (Film, Television Or Video)",,,,3995,,FALSE,FALSE,TRUE,FALSE,,,,,,,,
399513,Light Technician,,,,3995,,FALSE,TRUE,FALSE,FALSE,,,,,,,,
399514,Make Up Artist,,,,3995,TRA,FALSE,FALSE,TRUE,FALSE,,,,,,,,
399516,Sound Technician,,,,3995,TRA,FALSE,TRUE,TRUE,FALSE,,,,,,,,
399599,Performing Arts Technicians nec,,,,3995,VETASSESS,FALSE,TRUE,TRUE,FALSE,,,,,,,,
399611,Signwriter,,,,3996,TRA,FALSE,TRUE,TRUE,FALSE,,,,,,,,
399911,Diver,,,,3999,,FALSE,TRUE,FALSE,FALSE,,,,,,,,
399914,Optical Mechanic,,,,3999,,FALSE,TRUE,FALSE,FALSE,,,,,,,,
399916,Plastics Technician,,,,3999,,FALSE,TRUE,FALSE,FALSE,,,,,,,,
399999,Technicians and Trades Workers nec,,,,3999,,FALSE,TRUE,FALSE,FALSE,,,,,,,,
411111,Ambulance Officer,,,,4111,VETASSESS,FALSE,TRUE,TRUE,FALSE,,,,,,,,
411112,Intensive Care Ambulance Paramedic,,,,4111,VETASSESS,FALSE,TRUE,TRUE,FALSE,,,,,,,,
411211,Dental Hygienist,,,,4112,VETASSESS,FALSE,TRUE,FALSE,TRUE,,,,,,,,
411212,Dental Prosthetist,,,,4112,,FALSE,TRUE,FALSE,FALSE,,,,,,,,
411213,Dental Technician,,,,4112,TRA,FALSE,TRUE,TRUE,FALSE,,,,,,,,
411214,Dental Therapist,,,,4112,VETASSESS,FALSE,TRUE,FALSE,TRUE,,,,,,,,
411311,Diversional Therapist,,,,4113,VETASSESS,FALSE,TRUE,TRUE,FALSE,,,,,,,,
411411,Enrolled Nurse,,,,4114,ANMAC,FALSE,TRUE,TRUE,FALSE,,,,,,,,
411611,Massage Therapist,,,,4116,VETASSESS,FALSE,FALSE,TRUE,FALSE,,,,,,,,
411711,Community Worker,,,,4117,ACWA,FALSE,TRUE,TRUE,FALSE,,,,,,,,
411712,Disabilities Services Officer,,,,4117,ACWA,FALSE,FALSE,TRUE,FALSE,,,,,,,,
411713,Family Support Worker,,,,4117,ACWA,FALSE,TRUE,TRUE,FALSE,,,,,,,,
411715,Residential Care Officer,,,,4117,ACWA,FALSE,TRUE,TRUE,FALSE,,,,,,,,
411716,Youth Worker,,,,4117,ACWA,FALSE,TRUE,TRUE,FALSE,,,,,,,,
421111,Child Care Worker,,,,4211,,FALSE,TRUE,FALSE,FALSE,,,,,,,,
421114,Out of School Hours Care Worker,,,,4211,,FALSE,TRUE,FALSE,FALSE,,,,,,,,
431411,Hotel Service Manager,,,,4314,,FALSE,TRUE,FALSE,FALSE,,,,,,,,
441211,Emergency Service Worker,,,,4412,VETASSESS,FALSE,FALSE,FALSE,TRUE,,,,,,,,
451111,Beauty Therapist,,,,4511,,FALSE,TRUE,FALSE,FALSE,,,,,,,,
451211,Driving Instructor,,,,4512,VETASSESS,FALSE,FALSE,FALSE,TRUE,,,,,,,,
451399,Funeral Workers (nec),,,,4513,VETASSESS,FALSE,FALSE,FALSE,TRUE,,,,,,,,
451412,Tour Guide,,,,4514,,FALSE,TRUE,FALSE,FALSE,,,,,,,,
451612,Travel Consultant,,,,4516,,FALSE,TRUE,FALSE,FALSE,,,,,,,,
451711,Flight Attendant,,,,4517,VETASSESS,FALSE,TRUE,FALSE,TRUE,,,,,,,,
451815,First Aid Trainer,,,,4518,VETASSESS,FALSE,FALSE,FALSE,TRUE,,,,,,,,
452311,Diving Instructor (Open Water),,,,4523,VETASSESS,FALSE,TRUE,TRUE,FALSE,,,,,,,,
452312,Gymnastics Coach Or Instructor,,,,4523,VETASSESS,FALSE,FALSE,TRUE,FALSE,,,,,,,,
452313,Horse Riding Coach Or Instructor,,,,4523,VETASSESS,FALSE,FALSE,TRUE,TRUE,,,,,,,,
452314,Snowsport Instructor,,,,4523,VETASSESS,FALSE,FALSE,TRUE,TRUE,,,,,,,,
452315,Swimming Coach Or Instructor,,,,4523,VETASSESS,FALSE,FALSE,TRUE,TRUE,,,,,,,,
452316,Tennis Coach,,,,4523,VETASSESS,TRUE,FALSE,TRUE,FALSE,,,,,,,,
452317,Other Sports Coach Or Instructor,,,,4523,VETASSESS,FALSE,FALSE,TRUE,TRUE,,,,,,,,
452321,Sports Development Officer,,,,4523,VETASSESS,FALSE,TRUE,TRUE,TRUE,,,,,,,,
452411,Footballer,,,,4524,VETASSESS,TRUE,FALSE,TRUE,FALSE,,,,,,,,
452413,Jockey,,,,4524,TRA,FALSE,FALSE,FALSE,TRUE,,,,,,,,
452499,Sportspersons (nec),,,,4524,VETASSESS,FALSE,FALSE,TRUE,TRUE,,,,,,,,
511111,Contract Administrator,,,,5111,VETASSESS,FALSE,TRUE,TRUE,TRUE,,,,,,,,
511112,Program or Project Administrator,,,,5111,VETASSESS,FALSE,TRUE,TRUE,TRUE,,,,,,,,
512111,Office Manager,,,,5121,,FALSE,TRUE,FALSE,FALSE,,,,,,,,
521212,Legal Secretary,,,,5212,,FALSE,TRUE,FALSE,FALSE,,,,,,,,
599111,Conveyancer,,,,5991,,FALSE,TRUE,FALSE,FALSE,,,,,,,,
599211,Clerk of Court,,,,5992,,FALSE,TRUE,FALSE,FALSE,,,,,,,,
599612,Insurance Loss Adjuster,,,,5996,VETASSESS,FALSE,TRUE,TRUE,TRUE,,,,,,,,
599915,Clinical Coder,,,,5999,VETASSESS,FALSE,TRUE,FALSE,TRUE,,,,,,,,
611211,Insurance Agent,,,,6112,VETASSESS,FALSE,TRUE,TRUE,TRUE,,,,,,,,
612112,Property Manager,,,,6121,VETASSESS,FALSE,FALSE,FALSE,TRUE,,,,,,,,
612115,Real Estate Representative,,,,6121,VETASSESS; TRA; AACA; ACECQA; ACS; Australian Computer Society; ACWA; AIQS; AITSL; ANMAC,FALSE,FALSE,FALSE,TRUE,,,,,,,,
639211,Retail Buyer,,,,6392,VETASSESS,FALSE,FALSE,TRUE,TRUE,,,,,,,,
